firstname,lastname
John,Johnson
Robert,Williams
Michael,Jones
William,Brown
David,Davis
Richard,Miller
Charles,Wilson
Joseph,Moore
Thomas,Taylor
Christopher,Anderson
Daniel,Thomas
Paul,Jackson
Mark,White
Donald,Harris
George,Martin
Kenneth,Thompson
Steven,Garcia
Edward,Martinez
Brian,Robinson
Ronald,Clark
Anthony,Rodriguez
Kevin,Lewis
Jason,Lee
Matthew,Walker
Gary,Hall
Timothy,Allen
Jose,Young
Larry,Hernandez
Jeffrey,King
Frank,Wright
Scott,Lopez
Eric,Hill
Stephen,Scott
Andrew,Green
Raymond,Adams
Gregory,Baker
Joshua,Gonzalez
Jerry,Nelson
Dennis,Carter
Walter,Mitchell
Patrick,Perez
Peter,Roberts
Harold,Turner
Douglas,Phillips
Henry,Campbell
Carl,Parker
Arthur,Evans
Ryan,Edwards
Roger,Collins
Joe,Stewart
Juan,Sanchez
Jack,Morris
Albert,Rogers
Jonathan,Reed
Justin,Cook
Terry,Morgan
Gerald,Bell
Keith,Murphy
Samuel,Bailey
Willie,Rivera
Ralph,Cooper
Lawrence,Richardson
Nicholas,Cox
Roy,Howard
Benjamin,Ward
Bruce,Torres
Brandon,Peterson
Adam,Gray
Harry,Ramirez
Fred,James
Wayne,Watson
Billy,Brooks
Steve,Kelly
Louis,Sanders
Jeremy,Price
Aaron,Bennett
Randy,Wood
Howard,Barnes
Eugene,Ross
Carlos,Henderson
Russell,Coleman
Bobby,Jenkins
Victor,Perry
Martin,Powell
Ernest,Long
Phillip,Patterson
Todd,Hughes
Jesse,Flores
Craig,Washington
Alan,Butler
Shawn,Simmons
Clarence,Foster
Sean,Gonzales
Philip,Bryant
Chris,Alexander
Johnny,Russell
Earl,Griffin
Jimmy,Diaz
Antonio,Hayes
Danny,Myers
Bryan,Ford
Tony,Hamilton
Luis,Graham
Mike,Sullivan
Stanley,Wallace
Leonard,Woods
Nathan,Cole
Dale,West
Manuel,Jordan
Rodney,Owens
Curtis,Reynolds
Norman,Fisher
Allen,Ellis
Marvin,Harrison
Vincent,Gibson
Glenn,Mcdonald
Jeffery,Cruz
Travis,Marshall
Jeff,Ortiz
Chad,Gomez
Jacob,Murray
Lee,Freeman
Melvin,Wells
Alfred,Webb
Kyle,Simpson
Francis,Stevens
Bradley,Tucker
Jesus,Porter
Herbert,Hunter
Frederick,Hicks
Ray,Crawford
Joel,Henry
Edwin,Boyd
Don,Mason
Eddie,Morales
Ricky,Kennedy
Troy,Warren
Randall,Dixon
Barry,Ramos
Alexander,Reyes
Bernard,Burns
Mario,Gordon
Leroy,Shaw
Francisco,Holmes
Marcus,Rice
Micheal,Robertson
Theodore,Hunt
Clifford,Black
Miguel,Daniels
Oscar,Palmer
Jay,Mills
Jim,Nichols
Tom,Grant
Calvin,Knight
Alex,Ferguson
Jon,Rose
Ronnie,Stone
Bill,Hawkins
Lloyd,Dunn
Tommy,Perkins
Leon,Hudson
Derek,Spencer
Warren,Gardner
Darrell,Stephens
Jerome,Payne
Floyd,Pierce
Leo,Berry
Alvin,Matthews
Tim,Arnold
Wesley,Wagner
Gordon,Willis
Dean,Ray
Greg,Watkins
Jorge,Olson
Dustin,Carroll
Pedro,Duncan
Derrick,Snyder
Dan,Hart
Lewis,Cunningham
Zachary,Bradley
Corey,Lane
Herman,Andrews
Maurice,Ruiz
Vernon,Harper
Roberto,Fox
Clyde,Riley
Glen,Armstrong
Hector,Carpenter
Shane,Weaver
Ricardo,Greene
Sam,Lawrence
Rick,Elliott
Lester,Chavez
Brent,Sims
Ramon,Austin
Charlie,Peters
Tyler,Kelley
Gilbert,Franklin
Gene,Lawson
Marc,Fields
Reginald,Gutierrez
Ruben,Ryan
Brett,Schmidt
Angel,Carr
Nathaniel,Vasquez
Rafael,Castillo
Leslie,Wheeler
Edgar,Chapman
Milton,Oliver
Raul,Montgomery
Ben,Richards
Chester,Williamson
Cecil,Johnston
Duane,Banks
Franklin,Meyer
Andre,Bishop
Elmer,Mccoy
Brad,Howell
Gabriel,Alvarez
Ron,Morrison
Mitchell,Hansen
Roland,Fernandez
Arnold,Garza
Harvey,Harvey
Jared,Little
Adrian,Burton
Karl,Stanley
Cory,Nguyen
Claude,George
Erik,Jacobs
Darryl,Reid
Jamie,Kim
Neil,Fuller
Jessie,Lynch
Christian,Dean
Javier,Gilbert
Fernando,Garrett
Clinton,Romero
Ted,Welch
Mathew,Larson
Tyrone,Frazier
Darren,Burke
Lonnie,Hanson
Lance,Day
Cody,Mendoza
Julio,Moreno
Kelly,Bowman
Kurt,Medina
Allan,Fowler
Nelson,Brewer
Guy,Hoffman
Clayton,Carlson
Hugh,Silva
Max,Pearson
Dwayne,Holland
Dwight,Douglas
Armando,Fleming
Felix,Jensen
Jimmie,Vargas
Everett,Byrd
Jordan,Davidson
Ian,Hopkins
Wallace,May
Ken,Terry
Bob,Herrera
Jaime,Wade
Casey,Soto
Alfredo,Walters
Alberto,Curtis
Dave,Neal
Ivan,Caldwell
Johnnie,Lowe
Sidney,Jennings
Byron,Barnett
Julian,Graves
Isaac,Jimenez
Morris,Horton
Clifton,Shelton
Willard,Barrett
Daryl,Obrien
Ross,Castro
Virgil,Sutton
Andy,Gregory
Marshall,Mckinney
Salvador,Lucas
Perry,Miles
Kirk,Craig
Sergio,Rodriquez
Marion,Chambers
Tracy,Holt
Seth,Lambert
Kent,Fletcher
Terrance,Watts
Rene,Bates
Eduardo,Hale
Terrence,Rhodes
Enrique,Pena
Freddie,Beck
Wade,Newman
Austin,Haynes
Stuart,Mcdaniel
Fredrick,Mendez
Arturo,Bush
Alejandro,Vaughn
Jackie,Parks
Joey,Dawson
Nick,Santiago
Luther,Norris
Wendell,Hardy
Jeremiah,Love
Evan,Steele
Julius,Curry
Dana,Powers
Donnie,Schultz
Otis,Barker
Shannon,Guzman
Trevor,Page
Oliver,Munoz
Luke,Ball
Homer,Keller
Gerard,Chandler
Doug,Weber
Kenny,Leonard
Hubert,Walsh
Angelo,Lyons
Shaun,Ramsey
Lyle,Wolfe
Matt,Schneider
Lynn,Mullins
Alfonso,Benson
Orlando,Sharp
Rex,Bowen
Carlton,Daniel
Ernesto,Barber
Cameron,Cummings
Neal,Hines
Pablo,Baldwin
Lorenzo,Griffith
Omar,Valdez
Wilbur,Hubbard
Blake,Salazar
Grant,Reeves
Horace,Warner
Roderick,Stevenson
Kerry,Burgess
Abraham,Santos
Willis,Tate
Rickey,Cross
Jean,Garner
Ira,Mann
Andres,Mack
Cesar,Moss
Johnathan,Thornton
Malcolm,Dennis
Rudolph,Mcgee
Damon,Farmer
Kelvin,Delgado
Rudy,Aguilar
Preston,Vega
Alton,Glover
Archie,Manning
Marco,Cohen
Wm,Harmon
Pete,Rodgers
Randolph,Robbins
Garry,Newton
Geoffrey,Todd
Jonathon,Blair
Felipe,Higgins
Bennie,Ingram
Gerardo,Reese
Ed,Cannon
Dominic,Strickland
Robin,Townsend
Loren,Potter
Delbert,Goodwin
Colin,Walton
Guillermo,Rowe
Earnest,Hampton
Lucas,Ortega
Benny,Patton
Noel,Swanson
Spencer,Joseph
Rodolfo,Francis
Myron,Goodman
Edmund,Maldonado
Garrett,Yates
Salvatore,Becker
Cedric,Erickson
Lowell,Hodges
Gregg,Rios
Sherman,Conner
Wilson,Adkins
Devin,Webster
Sylvester,Norman
Kim,Malone
Roosevelt,Hammond
Israel,Flowers
Jermaine,Cobb
Forrest,Moody
Wilbert,Quinn
Leland,Blake
Simon,Maxwell
Guadalupe,Pope
Clark,Floyd
Irving,Osborne
Carroll,Paul
Bryant,Mccarthy
Owen,Guerrero
Rufus,Lindsey
Woodrow,Estrada
Sammy,Sandoval
Kristopher,Gibbs
Mack,Tyler
Levi,Gross
Marcos,Fitzgerald
Gustavo,Stokes
Jake,Doyle
Lionel,Sherman
Marty,Saunders
Taylor,Wise
Ellis,Colon
Dallas,Gill
Gilberto,Alvarado
Clint,Greer
Nicolas,Padilla
Laurence,Simon
Ismael,Waters
Orville,Nunez
Drew,Ballard
Jody,Schwartz
Ervin,Mcbride
Dewey,Houston
Al,Christensen
Wilfred,Klein
Josh,Pratt
Hugo,Briggs
Ignacio,Parsons
Caleb,Mclaughlin
Tomas,Zimmerman
Sheldon,French
Erick,Buchanan
Frankie,Moran
Stewart,Copeland
Doyle,Roy
Darrel,Pittman
Rogelio,Brady
Terence,Mccormick
Santiago,Holloway
Alonzo,Brock
Elias,Poole
Bert,Frank
Elbert,Logan
Ramiro,Owen
Conrad,Bass
Pat,Marsh
Noah,Drake
Grady,Wong
Phil,Jefferson
Cornelius,Park
Lamar,Morton
Rolando,Abbott
Clay,Sparks
Percy,Patrick
Dexter,Norton
Bradford,Huff
Merle,Clayton
Darin,Massey
Amos,Lloyd
Terrell,Figueroa
Moses,Carson
Irvin,Bowers
Saul,Roberson
Roman,Barton
Darnell,Tran
Randal,Lamb
Tommie,Harrington
Timmy,Casey
Darrin,Boone
Winston,Cortez
Brendan,Clarke
Toby,Mathis
Van,Singleton
Abel,Wilkins
Dominick,Cain
Boyd,Bryan
Courtney,Underwood
Jan,Hogan
Emilio,Mckenzie
Elijah,Collier
Cary,Luna
Domingo,Phelps
Santos,Mcguire
Aubrey,Allison
Emmett,Bridges
Marlon,Wilkerson
Emanuel,Nash
Jerald,Summers
Edmond,Atkins
Emil,Wilcox
Patricia,Pitts
Linda,Conley
Barbara,Marquez
Elizabeth,Burnett
Jennifer,Richard
Maria,Cochran
Susan,Chase
Margaret,Davenport
Dorothy,Hood
Lisa,Gates
Nancy,Clay
Karen,Ayala
Betty,Sawyer
Helen,Roman
Sandra,Vazquez
Donna,Dickerson
Carol,Hodge
Ruth,Acosta
Sharon,Flynn
Michelle,Espinoza
Laura,Nicholson
Sarah,Monroe
Kimberly,Wolf
Deborah,Morrow
Jessica,Kirk
Shirley,Randall
Cynthia,Anthony
Angela,Whitaker
Melissa,Oconnor
Brenda,Skinner
Amy,Ware
Anna,Molina
Rebecca,Kirby
Virginia,Huffman
Kathleen,Bradford
Pamela,Charles
Martha,Gilmore
Debra,Dominguez
Amanda,Oneal
Stephanie,Bruce
Carolyn,Lang
Christine,Combs
Marie,Kramer
Janet,Heath
Catherine,Hancock
Frances,Gallagher
Ann,Gaines
Joyce,Shaffer
Diane,Short
Alice,Wiggins
Julie,Mathews
Heather,Mcclain
Teresa,Fischer
Doris,Wall
Gloria,Small
Evelyn,Melton
Jean,Hensley
Cheryl,Bond
Mildred,Dyer
Katherine,Cameron
Joan,Grimes
Ashley,Contreras
Judith,Christian
Rose,Wyatt
Janice,Baxter
Kelly,Snow
Nicole,Mosley
Judy,Shepherd
Christina,Larsen
Kathy,Hoover
Theresa,Beasley
Beverly,Glenn
Denise,Petersen
Tammy,Whitehead
Irene,Meyers
Jane,Keith
Lori,Garrison
Rachel,Vincent
Marilyn,Shields
Andrea,Horn
Kathryn,Savage
Louise,Olsen
Sara,Schroeder
Anne,Hartman
Jacqueline,Woodard
Wanda,Mueller
Bonnie,Kemp
Julia,Deleon
Ruby,Booth
Lois,Patel
Tina,Calhoun
Phyllis,Wiley
Norma,Eaton
Paula,Cline
Diana,Navarro
Annie,Harrell
Lillian,Lester
Emily,Humphrey
Robin,Parrish
Peggy,Duran
Crystal,Hutchinson
Gladys,Hess
Rita,Dorsey
Dawn,Bullock
Connie,Robles
Florence,Beard
Tracy,Dalton
Edna,Avila
Tiffany,Vance
Carmen,Rich
Rosa,Blackwell
Cindy,York
Grace,Johns
Wendy,Blankenship
Victoria,Trevino
Edith,Salinas
Kim,Campos
Sherry,Pruitt
Sylvia,Moses
Josephine,Callahan
Thelma,Golden
Shannon,Montoya
Sheila,Hardin
Ethel,Guerra
Ellen,Mcdowell
Elaine,Carey
Marjorie,Stafford
Carrie,Gallegos
Charlotte,Henson
Monica,Wilkinson
Esther,Booker
Pauline,Merritt
Emma,Miranda
Juanita,Atkinson
Anita,Orr
Rhonda,Decker
Hazel,Hobbs
Amber,Preston
Eva,Tanner
Debbie,Knox
April,Pacheco
Leslie,Stephenson
Clara,Glass
Lucille,Rojas
Jamie,Serrano
Joanne,Marks
Eleanor,Hickman
Valerie,English
Danielle,Sweeney
Megan,Strong
Alicia,Prince
Suzanne,Mcclure
Michele,Conway
Gail,Walter
Bertha,Roth
Darlene,Maynard
Veronica,Farrell
Jill,Lowery
Erin,Hurst
Geraldine,Nixon
Lauren,Weiss
Cathy,Trujillo
Joann,Ellison
Lorraine,Sloan
Lynn,Juarez
Sally,Winters
Regina,Mclean
Erica,Randolph
Beatrice,Leon
Dolores,Boyer
Bernice,Villarreal
Audrey,Mccall
Yvonne,Gentry
Annette,Carrillo
June,Kent
Samantha,Ayers
Marion,Lara
Dana,Shannon
Stacy,Sexton
Ana,Pace
Renee,Hull
Ida,Leblanc
Vivian,Browning
Roberta,Velasquez
Holly,Leach
Brittany,Chang
Melanie,House
Loretta,Sellers
Yolanda,Herring
Jeanette,Noble
Laurie,Foley
Katie,Bartlett
Kristen,Mercado
Vanessa,Landry
Alma,Durham
Sue,Walls
Elsie,Barr
Beth,Mckee
Jeanne,Bauer
Vicki,Rivers
Carla,Everett
Tara,Bradshaw
Rosemary,Pugh
Eileen,Velez
Terri,Rush
Gertrude,Estes
Lucy,Dodson
Tonya,Morse
Ella,Sheppard
Stacey,Weeks
Wilma,Camacho
Gina,Bean
Kristin,Barron
Jessie,Livingston
Natalie,Middleton
Agnes,Spears
Vera,Branch
Willie,Blevins
Charlene,Chen
Bessie,Kerr
Delores,Mcconnell
Melinda,Hatfield
Pearl,Harding
Arlene,Ashley
Maureen,Solis
Colleen,Herman
Allison,Frost
Tamara,Giles
Joy,Blackburn
Georgia,William
Constance,Pennington
Lillie,Woodward
Claudia,Finley
Jackie,Mcintosh
Marcia,Koch
Tanya,Best
Nellie,Solomon
Minnie,Mccullough
Marlene,Dudley
Heidi,Nolan
Glenda,Blanchard
Lydia,Rivas
Viola,Brennan
Courtney,Mejia
Marian,Kane
Stella,Benton
Caroline,Joyce
Dora,Buckley
Jo,Haley
Vickie,Valentine
Mattie,Maddox
Terry,Russo
Maxine,Mcknight
Irma,Buck
Mabel,Moon
Marsha,Mcmillan
Myrtle,Crosby
Lena,Berg
Christy,Dotson
Deanna,Mays
Patsy,Roach
Hilda,Church
Gwendolyn,Chan
Jennie,Richmond
Nora,Meadows
Margie,Faulkner
Nina,Oneill
Cassandra,Knapp
Leah,Kline
Penny,Barry
Kay,Ochoa
Priscilla,Jacobson
Naomi,Gay
Carole,Avery
Brandy,Hendricks
Olga,Horne
Billie,Shepard
Dianne,Hebert
Tracey,Cherry
Leona,Cardenas
Jenny,Mcintyre
Felicia,Whitney
Sonia,Waller
Miriam,Holman
Velma,Donaldson
Becky,Cantu
Bobbie,Terrell
Violet,Morin
Kristina,Gillespie
Toni,Fuentes
Misty,Tillman
Mae,Sanford
Shelly,Bentley
Daisy,Peck
Ramona,Key
Sherri,Salas
Erika,Rollins
Katrina,Gamble
Claire,Dickson
Lindsey,Battle
Lindsay,Santana
Geneva,Cabrera
Guadalupe,Cervantes
Belinda,Howe
Margarita,Hinton
Sheryl,Hurley
Cora,Spence
Faye,Zamora
Ada,Yang
Natasha,Mcneil
Sabrina,Suarez
Isabel,Case
Marguerite,Petty
Hattie,Gould
Harriet,Mcfarland
Molly,Sampson
Cecilia,Carver
Kristi,Bray
Brandi,Rosario
Blanche,Macdonald
Sandy,Stout
Rosie,Hester
Joanna,Melendez
Iris,Dillon
Eunice,Farley
Angie,Hopper
Inez,Galloway
Lynda,Potts
Madeline,Bernard
Amelia,Joyner
Alberta,Stein
Genevieve,Aguirre
Monique,Osborn
Jodi,Mercer
Janie,Bender
Maggie,Franco
Kayla,Rowland
Sonya,Sykes
Jan,Benjamin
Lee,Travis
Kristine,Pickett
Candace,Crane
Fannie,Sears
Maryann,Mayo
Opal,Dunlap
Alison,Hayden
Yvette,Wilder
Melody,Mckay
Luz,Coffey
Susie,Mccarty
Olivia,Ewing
Flora,Cooley
Shelley,Vaughan
Kristy,Bonner
Mamie,Cotton
Lula,Holder
Lola,Stark
Verna,Ferrell
Beulah,Cantrell
Antoinette,Fulton
Candice,Lynn
Juana,Lott
Jeannette,Calderon
Pam,Rosa
Kelli,Pollard
Hannah,Hooper
Whitney,Burch
Bridget,Mullen
Karla,Fry
Celia,Riddle
Latoya,Levy
Patty,David
Shelia,Duke
Gayle,Odonnell
Della,Guy
Vicky,Michael
Lynne,Britt
Sheri,Frederick
Marianne,Daugherty
Kara,Berger
Jacquelyn,Dillard
Erma,Alston
Blanca,Jarvis
Myra,Frye
Leticia,Riggs
Pat,Chaney
Krista,Odom
Roxanne,Duffy
Angelica,Fitzpatrick
Johnnie,Valenzuela
Robyn,Merrill
Francis,Mayer
Adrienne,Alford
Rosalie,Mcpherson
Alexandra,Acevedo
Brooke,Donovan
Bethany,Barrera
Sadie,Albert
Bernadette,Cote
Traci,Reilly
Jody,Compton
Kendra,Raymond
Jasmine,Mooney
Nichole,Mcgowan
Rachael,Craft
Chelsea,Cleveland
Mable,Clemons
Ernestine,Wynn
Muriel,Nielsen
Marcella,Baird
Elena,Stanton
Krystal,Snider
Angelina,Rosales
Nadine,Bright
Kari,Witt
Estelle,Stuart
Dianna,Hays
Paulette,Holden
Lora,Rutledge
Mona,Kinney
Doreen,Clements
Rosemarie,Castaneda
Angel,Slater
Desiree,Hahn
Antonia,Emerson
Hope,Conrad
Ginger,Burks
Janis,Delaney
Betsy,Pate
Christie,Lancaster
Freda,Sweet
Mercedes,Justice
Meredith,Tyson
Lynette,Sharpe
Teri,Whitfield
Cristina,Talley
Eula,Macias
Leigh,Irwin
Meghan,Burris
Sophia,Ratliff
Eloise,Mccray
Rochelle,Madden
Gretchen,Kaufman
Cecelia,Beach
Raquel,Goff
Henrietta,Cash
Alyssa,Bolton
Jana,Mcfadden
Kelley,Levine
Gwen,Good
Kerry,Byers
Jenna,Kirkland
Tricia,Kidd
Laverne,Workman
Olive,Carney
Alexis,Dale
Tasha,Mcleod
Silvia,Holcomb
Elvira,England
Casey,Finch
Delia,Head
Sophie,Burt
Kate,Hendrix
Patti,Sosa
Lorena,Haney
Kellie,Franks
Sonja,Sargent
Lila,Nieves
Lana,Downs
Darla,Rasmussen
May,Bird
Mindy,Hewitt
Essie,Lindsay
Mandy,Le
Lorene,Foreman
Elsa,Valencia
Josefina,Oneil
Jeannie,Delacruz
Miranda,Vinson
Dixie,Dejesus
Lucia,Hyde
Marta,Forbes
Faith,Gilliam
Lela,Guthrie
Johanna,Wooten
Shari,Huber
Camille,Barlow
Tami,Boyle
Shawna,Mcmahon
Elisa,Buckner
Ebony,Rocha
Melba,Puckett
Ora,Langley
Nettie,Knowles
Tabitha,Cooke
Ollie,Velazquez
Jaime,Whitley
Winifred,Noel
Kristie,Vang
Marina,Shea